link,评论数
https://m.weibo.cn/detail/Mev1t8Nd7,93798
https://m.weibo.cn/detail/Lti9rvSFS,90463
https://m.weibo.cn/detail/LEDEdB0b4,90026
https://m.weibo.cn/detail/LeNvs8Nxx,88036
https://m.weibo.cn/detail/LD9Swe96G,87899
https://m.weibo.cn/detail/Kza5ej9AE,72783
https://m.weibo.cn/detail/LfCv7qncV,61472
https://m.weibo.cn/detail/MelNuw0n0,61327
https://m.weibo.cn/detail/LEkZAopTi,60708
https://m.weibo.cn/detail/M7zQnDPiQ,60614
https://m.weibo.cn/detail/Medf74oy3,55879
https://m.weibo.cn/detail/KFSGvl76j,51080
https://m.weibo.cn/detail/Lfs4g2yg2,48037
https://m.weibo.cn/detail/LDa5uCamE,45454
https://m.weibo.cn/detail/LzF3DkpPN,45101
https://m.weibo.cn/detail/KD27Kak8I,42575
https://m.weibo.cn/detail/LibTShUq8,40518
https://m.weibo.cn/detail/LztwnBCux,40082
https://m.weibo.cn/detail/M5HxAgDcT,35700
https://m.weibo.cn/detail/KrpIRbvuG,33716
https://m.weibo.cn/detail/KdSK5jXON,32469
https://m.weibo.cn/detail/JDsa4mPti,31824
https://m.weibo.cn/detail/LsO2QkSmF,31490
https://m.weibo.cn/detail/L5GEaf2bI,28944
https://m.weibo.cn/detail/Moivohvfm,27253
https://m.weibo.cn/detail/KcQZUjlIj,25299
https://m.weibo.cn/detail/Kltx80HYZ,25088
https://m.weibo.cn/detail/Kzadga8IB,24917
https://m.weibo.cn/detail/LFp2xe1nh,24519
https://m.weibo.cn/detail/L8pHB1Ngs,22670
https://m.weibo.cn/detail/MB9sGAt3x,22575
https://m.weibo.cn/detail/M7Yde8BOl,21632
https://m.weibo.cn/detail/LxPVed8gZ,21331
https://m.weibo.cn/detail/KFV7ctJ2Z,20872
https://m.weibo.cn/detail/LvU1t53ei,20859
https://m.weibo.cn/detail/MeGcelkPQ,20164
https://m.weibo.cn/detail/LzIbI18Og,19533
https://m.weibo.cn/detail/LvSX4B3BN,18966
https://m.weibo.cn/detail/JEx5bFxyB,18923
https://m.weibo.cn/detail/LbtlFg1DH,17942
https://m.weibo.cn/detail/MvUbWg7wq,17271
https://m.weibo.cn/detail/Ks3W4uk23,17210
https://m.weibo.cn/detail/L86qEoDIQ,16998
https://m.weibo.cn/detail/LvZM5y89N,16906
https://m.weibo.cn/detail/L8gfL7FUq,16828
https://m.weibo.cn/detail/MmKNY7Ind,16569
https://m.weibo.cn/detail/MvUg00GxO,16326
https://m.weibo.cn/detail/Lx3Dldm4n,16119
https://m.weibo.cn/detail/Mefzocssw,15832
https://m.weibo.cn/detail/M0I5C8fJl,15776
https://m.weibo.cn/detail/LfBt6F2Cx,15759
https://m.weibo.cn/detail/Lfs0bE92q,15558
https://m.weibo.cn/detail/Ml3Gxo3Kb,14910
https://m.weibo.cn/detail/L2Hd7lcip,13841
https://m.weibo.cn/detail/K3hjHiW0l,13523
https://m.weibo.cn/detail/M9tITjyvq,13497
https://m.weibo.cn/detail/M57jt4Oce,13411
https://m.weibo.cn/detail/K4koYg1yA,13254
https://m.weibo.cn/detail/KFWijlMUC,12965
https://m.weibo.cn/detail/KaRkLwWvn,12892
https://m.weibo.cn/detail/L7ze32abn,12812
https://m.weibo.cn/detail/L2Y4o1zhu,12669
https://m.weibo.cn/detail/LyLMUwU53,12666
https://m.weibo.cn/detail/JD6QhsWTZ,12434
https://m.weibo.cn/detail/K3i1JEGAC,12367
https://m.weibo.cn/detail/MCHxGygOq,12318
https://m.weibo.cn/detail/M0I55j5Rq,11325
https://m.weibo.cn/detail/KlOBz8NTu,11288
https://m.weibo.cn/detail/JDrSCbTct,11127
https://m.weibo.cn/detail/M4W1jdIHW,11092
https://m.weibo.cn/detail/L8U6q8jwZ,10934
https://m.weibo.cn/detail/LEvuzDQZj,10904
https://m.weibo.cn/detail/L8u5samzz,10460
https://m.weibo.cn/detail/LCGBB4n0D,10316
https://m.weibo.cn/detail/MvUi14Gej,10215
https://m.weibo.cn/detail/KlP82iRmE,10210
https://m.weibo.cn/detail/M6Vw0zzCl,10055
