link,微博id,微博正文,头条文章url,是否为原创微博,发布时间,点赞数,转发数,评论数
https://m.weibo.cn/detail/Mev1t8Nd7,Mev1t8Nd7,我们正为您直播#2022直击金鸡奖#电影频道联合厦门广电5G+360°融媒体全景直播第3天！金鸡电影论坛演员论坛、创投大会、提名者表彰仪式、鼓浪屿论坛、中国电影科技论坛、新片发布会等金鸡奖各大活动现场直击报道，提名者做客采访，分享影片拍摄幕后故事；#2022星辰大海青年演员优选计划#继续出发！青年演员将在厦门市同安区、龙岩市长汀县展开更多采风创作体验，全新的一天又会发生哪些不一样的经历？更有金鸡奖闭幕式阵容剧透，台前幕后独家亮点揭秘……更多精彩内容，锁定直播，不见不散！  中国电影报道的微博直播                                 ,,True,11/11/2022 10:00,18983,1079,93798
https://m.weibo.cn/detail/Lti9rvSFS,Lti9rvSFS,#断桥改档至暑期上映# 原定于6月2日上映的电影《断·桥》宣布改档至2022暑期上映，具体上映日期待定。影片由李玉执导、方励监制，马思纯、王俊凯、范伟领衔主演，讲述在大桥坍塌后惊现一具人骨，从而牵连出一桩多年前的凶杀案。死者女儿闻晓雨(马思纯 饰)被修车工孟超(王俊凯 饰)告知当年的目击画面，而这一切都牵扯到闻晓雨养父朱方正(范伟 饰)身上。             [组图共2张]      原图                             ,,True,16/05/2022 18:04,44679,6751,90463
https://m.weibo.cn/detail/LEDEdB0b4,LEDEdB0b4,#百花奖红毯探秘# #2022直击百花奖# 电影频道“2022直击百花奖”融媒体全景直播最后一天！我们将一路跟随明星嘉宾从酒店出发，前往红毯场馆，体验独特的红毯设计，穿梭时空隧道，感受中国电影的百年魅力；CCTV6电影频道及全网平台也将实时直播闭幕式暨颁奖典礼，一探百花60年的光影盛会。此外，更有群...全文 ,,True,30/07/2022 9:01,14016,954,90026
https://m.weibo.cn/detail/LeNvs8Nxx,LeNvs8Nxx,#奇迹笨小孩雨中赞歌片段##易烊千玺唱歌暖水瓶当话筒#《奇迹·笨小孩》发布“雨中赞歌”片段，“奇迹小队”在雨中的卡车里化身无实物乐队大声合唱，满满的正能量。影片正在上映中。#奇迹小队好有团魂# @电影奇迹笨小孩  中国电影报道的微博视频  ,,True,10/02/2022 10:19,6222,1143,88036
https://m.weibo.cn/detail/LD9Swe96G,LD9Swe96G,#易烊千玺同时提名百花奖男主男配# #第36届百花奖提名名单#出炉，易烊千玺凭借电影《奇迹•笨小孩》中饰景浩获得最佳男主角提名，同时凭借电影《中国医生》中饰杨小羊获得最佳男配角提名。  [组图共2张] 原图 ,,True,20/07/2022 15:23,1860435,55765,87899
https://m.weibo.cn/detail/Kza5ej9AE,Kza5ej9AE,【直播|#大湾区购物节群星接力公益直播#】我们正在为您全网直播首届“粤港澳大湾区购物节”群星接力公益直播，@陳法蓉 、@陈飞宇Arthur 、@杜江侦察记 、@关晓彤 、@關智斌 、@胡杏儿 、@华晨宇yu 、@黄晓明 、@惠英紅kara 、@李治廷 、@梁漢文edmond 、@林曉峰 、@刘恺威 、@卢靖姗CelinaJade 、@Josh吕方 、@莫华伦 、@任達華 、@王宝强 、王耀庆、@魏大勋 、@謝天華Laughing 、@楊丞琳 、@郑希怡 、@钟镇涛 、@卡布叻_周深 等做客直播互动，讲述中秋故事，“种草”湾区好物，分享湾区体验。锁定直播，不见不散！#湾区升明月# 中国电影报道的微博直播                                 ,,True,21/09/2021 9:49,55286,4817,72783
https://m.weibo.cn/detail/LfCv7qncV,LfCv7qncV,#肖战手绘雪容融为冬奥健儿加油##肖战手绘雪容融#@X玖少年团肖战DAYTOY 手绘雪容融，他还有什么才华是我们不知道的！肖战祝福每位冬奥运动员都能逐梦冰雪，享受比赛，圆梦北京，创造属于自己的辉煌，祝电影频道的观众和全国朋友元宵节快乐！#爱的明信片祝福冬奥健儿#   中国电影报道的微博视频  ,,True,15/02/2022 20:08,638285,173959,61472
https://m.weibo.cn/detail/MelNuw0n0,MelNuw0n0,【直播|#2022直击金鸡奖#融媒体全景直播第二天】我们将在11:00，为您直播2022直击金鸡奖，电影频道联合厦门广电5G+360°融媒体全景直播第二天！第35届金鸡奖正式拉开帷幕，开幕式全程直播，学术峰会、元宇宙AR秀、新片发布会等现场直击，王博学、杨秀措、于慧等提名者做客采访，分享金鸡感悟；...全文 ,,True,10/11/2022 10:31,17504,1525,61327
https://m.weibo.cn/detail/LEkZAopTi,LEkZAopTi,【#2022直击百花奖#】我们正在为您直播“2022直击百花奖”融媒体全景直播，第36届大众电影百花奖今日拉开帷幕，直击开幕式暨百花奖论坛、百花影展、艺术家下基层等主体特色活动，一起进入“百花进行时”！从黄鹤楼出发，沿途打卡武汉长江大桥、武汉车谷、武汉电影公司，夜航长江，一起巡游“两江四岸”...全文 ,,True,28/07/2022 9:31,9369,406,60708
https://m.weibo.cn/detail/M7zQnDPiQ,M7zQnDPiQ,#王俊凯万里归途带你了解真实外交官#在#电影万里归途#的@M观影团 上，王俊凯说，知道电影可以在国庆档上映非常激动，希望大家可以通过电影了解外交官的事迹，外交官不光是在新闻发布会上的光鲜时刻，他们还会经历危险，甚至是枪林弹雨。#万里归途北京首映# 中国电影报道的微博视频  ,,True,26/09/2022 21:24,40419,4434,60614
https://m.weibo.cn/detail/Medf74oy3,Medf74oy3,我们将在今天（11月9日）下午17:00 ， 为您直播#2022直击金鸡奖#电影频道联合厦门广电5G+360°融媒体全景直播。一站直达——第35届中国电影金鸡奖开幕在即，开幕式、提名者表彰仪式、论坛、影展、创投大会等筹备情况提前探访， 八闽电影巡展启动仪式、金鸡国际影展开幕式等现场直击，在鹭岛感受“金鸡热...全文 ,,True,9/11/2022 12:44,29324,461,55879
https://m.weibo.cn/detail/KFSGvl76j,KFSGvl76j,【直播|#潮起中国非遗焕新夜#】正在直播“潮起中国非遗焕新夜” @阿朵 、@陈都灵 、@陈学冬 、@理塘丁真 、@多琴方锦龙 、@郭德纲 、@演员郭晓东 、@海一天real 、@黄晓明 、@吉克隽逸 、电影频道@主持人蓝羽 、@李佳琦Austin 、@李祎然 、@李易峰 、@李玉刚 、@罗昱文 、@马佳Tenor 、@时代少年团 、...全文 ,,True,4/11/2021 14:24,345133,70632,51080
https://m.weibo.cn/detail/Lfs4g2yg2,Lfs4g2yg2,#爱的明信片祝福冬奥健儿# “交给我们吧”——一份中国的承诺，数万封全球的冬奥祝福。书信为桥，牵引全人类共赴冰雪之约；情跨山海，千万人接力传递冬奥之光。2月15日13：00， 锁定“爱的明信片”融媒体直播活动，@X玖少年团肖战DAYTOY 与你一起向未来。爱的明信片，把爱说出来！#六公主直播送冰墩墩雪容融现货#                  原图                             ,,True,14/02/2022 17:35,446449,134569,48037
https://m.weibo.cn/detail/LDa5uCamE,LDa5uCamE,#奇迹笨小孩提名百花奖7个奖项# 电影《奇迹·笨小孩》获得第36届大众电影百花奖7项提名，包括：影片奖、最佳编剧、最佳导演、最佳男主角（易烊千玺）、最佳男配角（田雨）、最佳女配角（齐溪）、最佳新人（陈哈琳）。  [组图共3张] 原图 ,,True,20/07/2022 15:55,16671,981,45454
https://m.weibo.cn/detail/LzF3DkpPN,LzF3DkpPN,【直播：庆祝香港回归祖国25周年云歌会】我们正在为您直播“我们的紫荆花”#庆祝香港回归祖国25周年云歌会#，电影频道@主持人蓝羽 、电影人@王祖藍 搭档主持讲述，@白举纲 @蔡程昱 @常石磊 @陈都灵 @陳嘉上Gordon  @陈松伶_AdiaChan  @成龙 @IXFORM-邓孝慈 @杜江侦察记 @關智斌 @海清 @贺三珊 @胡兵 @胡杏儿 @黄百鸣 @金池jinchi矜持 @蓝盈莹Lyric @李冰冰 @李克勤 @李若彤 @CoCo李玟 @李治廷 @梁漢文edmond @刘恺威 @刘涛tamia @卢靖姗CelinaJade @吕良伟Ray @任達華 @容祖儿 @水木年华 @MIC檀健次JC-T 、汤唯、Twins@鍾欣潼 @蔡卓妍 、@UNIQ-王一博 @魏允熙-O姐 @溫碧霞irenewan @弦子Stringer @许靖韵Angela @许紹洋Ambrose @薛凯琪 @炎明熹Gigi @楊千嬅 @Vincy泳儿 @TIA袁娅维 @MikE曾比特 @曾黎 @张艺兴 @赵牧阳 @郑希怡 @钟镇涛 @周笔畅 @周海媚 @卡布叻_周深 @i周迅 、周旋@周詠琁 、电影频道主持团@主持人郭玮 @主持人谢映玲 @主持人罗小曼 @主持人李丹儿 @李金泽 、巧筠等送来歌声与祝福……超强星光阵容，经典港风歌单，就在今晚！#群星庆祝香港回归25周年# 中国电影报道的微博直播 庆祝香港回归祖国25周年云歌会                                 ,,True,27/06/2022 15:25,143835,10164,45101
https://m.weibo.cn/detail/KD27Kak8I,KD27Kak8I,#成龙国际动作电影周#成龙、肖战合唱《中华力量》，“国为我强我为国强”，两位激昂的演唱伴随着阵阵鼓点，太燃了！  中国电影报道的微博视频  ,,True,16/10/2021 20:55,531033,131401,42575
https://m.weibo.cn/detail/LibTShUq8,LibTShUq8,#王一博转型演员的自我博弈#电影《维和防暴队》近日想看人数突破17万冲上热搜，这离不开演员王一博的功劳。这些年，王一博在演员这条路上的进步有目共睹，作品陆续上映，新戏官宣不断，王一博从流量明星转型实力演员一直在自我“博”弈，突破自己。《冰雨火》《维和防暴队》《长空之王》《无名》，你最期待哪部？#王一博正剧适配度好高#中国电影报道的微博视频                                 ,,True,4/03/2022 17:56,324950,98985,40518
https://m.weibo.cn/detail/LztwnBCux,LztwnBCux,#国际禁毒日##待映缉毒题材影视作品#电影：《猎毒》主演：杨紫、王千源、尚语贤、刘敏涛；《隐秘世界》主演：韩庚、王千源、张馨予剧集：《冰雨火》主演：陈晓、王一博  [组图共3张] 原图 ,,True,26/06/2022 10:03,2881608,97805,40082
https://m.weibo.cn/detail/M5HxAgDcT,M5HxAgDcT,#长空之王里演员拍戏有多拼#为了真实呈现试飞员工作的惊险艰难，《长空之王》里的演员拍戏都太拼了！为拍摄飞机失事跳伞戏，演员王一博被降落伞高速拖拽近百米；一场试验战机装备的戏，演员为呈现真实状态，蹲在地上让吹风机将烟尘覆盖全身，这样持续拍摄12天。 中国电影报道的微博视频  ,,True,14/09/2022 13:19,56266,14723,35700
https://m.weibo.cn/detail/KrpIRbvuG,KrpIRbvuG,“军人的荣耀——电影《长津湖》八一特别直播” 活动正在进行中，#军人的荣耀##电影长津湖#全体主创及特别来宾将共同亮相，分享影片拍摄初衷及幕后创作故事，以电影人的方式致敬“最可爱的人”；“蓝羽会大咖”将分别对话影片主创，表达他们心中的“长津湖”故事；此外更有军史专家做客，讲述长津湖战...全文 ,,True,1/08/2021 10:56,31291,5273,33716
https://m.weibo.cn/detail/KdSK5jXON,KdSK5jXON,【直播|“青春之歌五四歌会”融媒体直播活动】#青春之歌五四歌会#我们正在为您直播，“青春之歌五四歌会”融媒体直播活动。 @人民日报 新媒体中心 @电影频道融媒体中心   联合推出，200位音乐青年3小时不断演唱，青春之歌由中国青年演绎。@白举纲 @曹骏Neil @陈都灵 #邓玉华# @丁冠森 @理塘丁真 @冯聪Actor  @武汉的冯翔 @演员胡先煦 @蒋梦婕 @蓝盈莹Lyric @李昕融的一家 @李易峰 @柳博 @摩登兄弟刘宇宁 @梦然MIYA @这是邱天 @王嘉Jevon @TFBOYS-王源 @吴牧野WMY @叶青Julia @喻越越Y @Zmx曾梦雪 @张海宇Patrick @朱主爱_JoyceChu  青春音乐人（@常石磊 、丁爽、李琪、刘胡轶、王矜霖、徐乐同、宇儿、周品、邓伊伦、曹洋、何佳乐）、 中国煤矿文工团（左炜、孙榕、冷松、马涛、韦宁峰、何羽童）唱响青春……锁定直播，敬请期待！#五四青年节# 中国电影报道的微博视频                                 ,,True,4/05/2021 11:04,121627,5672,32469
https://m.weibo.cn/detail/JDsa4mPti,JDsa4mPti,#武汉日夜融媒体首映直播##武汉日夜首映# 以平凡见证不凡，以真实演绎了不起的中国奇迹！这是中国人的坚强和善良，这是属于我们的中国故事！以爱之名，无畏前行，致敬英雄，向阳而生！#电影武汉日夜#1月22日全国上映，@X玖少年团肖战DAYTOY 邀您观影，重温感动、见证温暖，真情告白“有你真好”！  原图 ,,True,16/01/2021 16:28,725766,1498655,31824
https://m.weibo.cn/detail/LsO2QkSmF,LsO2QkSmF,#王一博我和我的青春预告# 由@UNIQ-王一博 主演的献礼片《中国青年：我和我的青春》发布「致敬青春」特辑，王一博饰演青年音乐人陆阳，回望峥嵘岁月 礼赞热血青春，坚守初心使命 彰显时代担当。  中国电影报道的微博视频  ,,True,13/05/2022 13:25,32842,9749,31490
https://m.weibo.cn/detail/L5GEaf2bI,L5GEaf2bI,【直播|丝绸之路国际电影节融媒体直播】我们正在为您直播#丝绸之路国际电影节直播#融媒体直播第五天！最后一日，精彩依旧，直击闭幕仪式幕后探访，独家对话评委@黄建新 、@任達華 、余男@YUNAN男男 ，解锁本届电影节不为人知的瞬间；#丝绸之路国际电影节闭幕式#星耀福州，电影频道“六公主”合体主持晚...全文 ,,True,12/12/2021 12:18,46460,8342,28944
https://m.weibo.cn/detail/Moivohvfm,Moivohvfm,#肖战手绘大有钱兔祝福##肖战画的福里有只兔子##福满千万家# 癸卯新春将至，演员@X玖少年团肖战DAYTOY 手写福字为大家送上新年祝福，祝大家在新的一年平安健康，万事顺遂！肖战写的福字里蹲了一只小兔子，太可爱了吧！ 中国电影报道的微博视频  ,,True,14/01/2023 20:31,383857,76606,27253
https://m.weibo.cn/detail/KcQZUjlIj,KcQZUjlIj,#看电影学党史# “风雨百年正青春，党的光辉照我心”，与青年演员@X玖少年团肖战DAYTOY  一起关注“经典频传：看电影学党史”系列短视频，以光影铭记百年征程，让红色基因代代相传！#光影奋斗记忆#  中国电影报道的微博视频  ,,True,27/04/2021 16:47,377278,90996,25299
https://m.weibo.cn/detail/Kltx80HYZ,Kltx80HYZ,【直播|“电影之歌·保定站”融媒体直播】#电影之歌# 我们正在为您直播“电影之歌·保定站”融媒体直播。一同探访冉庄地道战遗址、易县狼牙山风景区、莲花池、史家寨窑洞等经典影视作品拍摄地，重走英雄之路；电影学者做客，分享创作经典红色文学电影的故事；此外，独家探班@蔡卓妍 、@常石磊 、@陈立农...全文 ,,True,23/06/2021 9:36,119815,45657,25088
https://m.weibo.cn/detail/Kzadga8IB,Kzadga8IB,【直播|“湾区升明月”2021大湾区中秋电影音乐晚会】#湾区升明月# 我们正在为您直播“湾区升明月”2021大湾区中秋电影音乐晚会，最美星光夜，今晚正式点亮大湾区！超豪华歌单今晚开唱，一场史无前例的视听盛宴！内地、香港、澳门、台湾等全明星阵容陪你过中秋，你准备好了吗？ 中国电影报道的微博直播  ,,True,21/09/2021 10:09,26690,1996,24917
https://m.weibo.cn/detail/LFp2xe1nh,LFp2xe1nh,#1905电影网APP节目单##在电影中找到童心# 不记得是什么时候丢失了的童心，今天去电影中找回来吧！8月4日，点此入口马上收看直播直播 今日特别排播：何炅、杨紫《女生日记》，张京、王莹《霹雳贝贝》，罗京民、丁佳明、刘天佐《孙子从美国来》，洪悦熙、庄则熙、田雨、郑渊洁《皮皮鲁...全文 [组图共2张] 原图 ,,True,4/08/2022 9:40,10682,743,24519
https://m.weibo.cn/detail/L8pHB1Ngs,L8pHB1Ngs,#直击金鸡奖# 我们正在今天为您直播“直击金鸡奖”5G融媒体全景直播第四天！为期三天的金鸡奖将于今日落下帷幕，百余位嘉宾影人即将亮相红毯及闭幕式颁奖典礼，各项提名荣誉结果马上揭晓！#2021星辰大海青年演员优选计划#“三天三夜”生活体验营即将结课，@陈都灵 @侯明昊Neo @我是林一同学 @林允Jelly...全文 ,,True,30/12/2021 10:41,14781,766,22670
https://m.weibo.cn/detail/MB9sGAt3x,MB9sGAt3x,我们正在为您直播2022-2023年度电影频道M榜暨中国电影大数据盛典融媒体直播。百位电影人、音乐人云集荆州，共同见证2022-2023年度电影频道M榜各项荣誉诞生，20点档敬请欣赏盛典精彩！直播还将关注：#乡村振兴星光行动#走进江陵县，聚焦荆州乡村振兴新貌；#电影频道星辰大海五周年#，2023电影频道“星辰...全文 ,,True,9/04/2023 9:24,9728,541,22575
https://m.weibo.cn/detail/M7Yde8BOl,M7Yde8BOl,#2022国庆档电影全阵容直播# 我们将在今晚18:00， 为您直播“祖国不会忘记”——2022国庆档电影矩阵出击融媒体直播活动。国庆档新片全集结，@电影万里归途 联合出品人傅若清、监制王红卫、导演饶晓志@饶有疯趣 、主演@TFBOYS-王俊凯 @殷桃 ，@电影平凡英雄 出品人、总制片人于冬，导演@陈国辉 @李冰冰 、艾尔番·艾则孜，@电影钢铁意志 导演@宁海强 、主演@刘烨 @韩雪 @董春辉D @李沛恩Pein_  @田征 ，@电影新大头儿子 导演何澄、刘可欣@华映星球_刘可欣 、配音演员@CCTV鞠萍 、小鹿姐姐@鹿小鹿Lu 、月亮姐姐@正好妈moon 、黄炜，@电影搜救 主演@甄子丹 等主创将做客直播间，独家访谈分享台前幕后花絮；影片原型人物探访，挖掘银幕背后的动人往事；更有首映礼活动现场近距离直击，敬请期待！锁定直播，光影叙说家国情，为中国电影助力！#我们的英雄我们全真爱##国庆看电影#  中国电影报道的微博直播 2022国庆档电影全阵容直播                                 ,,True,29/09/2022 11:26,5025,779,21632
https://m.weibo.cn/detail/LxPVed8gZ,LxPVed8gZ,#横店在拍古装剧一把子期待了#目前#正在横店拍摄的古装剧#，你最期待哪部？《与凤行》赵丽颖、林更新《长相思》杨紫、张晚意、檀健次、邓为《莲花楼》成毅、曾舜晞、肖顺尧《长风渡》白敬亭、宋轶《宁安如梦》白鹿、张凌赫、刘些宁 《乐游原》许凯、景甜  [组图共6张] 原图 ,,True,15/06/2022 15:24,156346,1006,21331
https://m.weibo.cn/detail/KFV7ctJ2Z,KFV7ctJ2Z,#时代少年团朱雀新舞台# #潮起中国非遗焕新夜#开场，时代少年团带来歌曲《朱雀》，#终于看到时代少年团新舞台了#！潮起中国，和@时代少年团 一起感受华夏魅力！  中国电影报道的微博视频  ,,True,4/11/2021 20:35,396990,270887,20872
https://m.weibo.cn/detail/LvU1t53ei,LvU1t53ei,#龙腾虎跃海峡两岸赛龙舟活动##端午节#我们正在直播“龙腾虎跃” 2022海峡两岸赛龙舟活动第二天盛况！经过一天奋战，300米直道赛冠军终花落谁家？端午民俗何为“点雄黄”？明星连线将分享多少端午趣事？影视作品里的端午文化有哪些……@白鹿my 、@蔡卓妍 、@演员郭晓东 、@吉娜爱丽丝Gina 、@李晨 、...全文 ,,True,2/06/2022 22:09,82112,26408,20859
https://m.weibo.cn/detail/MeGcelkPQ,MeGcelkPQ,#2022直击金鸡奖#电影频道联合厦门广电5G+360°融媒体全景直播第4天！第35届中国电影金鸡奖进入闭幕倒计时，闭幕式红毯、颁奖典礼全程直播，年度优秀影人集结，共同见证顶级电影荣誉诞生；#2022星辰大海青年演员优选计划#“三天三夜”采风创作活动正式结营，青年演员们将整装待发，崭新亮相金鸡舞台；更...全文 ,,True,12/11/2022 14:27,4414,330,20164
https://m.weibo.cn/detail/LzIbI18Og,LzIbI18Og,#25岁的王一博祝福香港回归25周年##王一博standup鼓励青年朋友不负青春#今年也恰逢25岁的王一博在庆祝香港回归25周年云歌会上演唱了歌曲《Stand Up》，鼓励青年朋友不负青春，勇往直前。迷人的旋律，节奏感十足。#香港回归祖国25周年云歌会#  中国电影报道的微博视频  ,,True,27/06/2022 23:23,237084,78759,19533
https://m.weibo.cn/detail/LvSX4B3BN,LvSX4B3BN,#女演员的古装造型有多惊艳#《梦华录》定档6月2日，刘亦菲古装造型引来观众们的“回忆杀”。在以往的仙侠古装剧中，也有不少女演员的古装造型绝美、经典、仙气十足。你曾被哪些女演员的古装造型惊艳到？@杨紫 ：《香蜜沉沉烬如霜》（2018年）花神之女锦觅，其真实原身为一朵霜花。@杨幂 ：《三生三...全文 [组图共9张] 原图 ,,True,2/06/2022 19:26,143421,782,18966
https://m.weibo.cn/detail/JEx5bFxyB,JEx5bFxyB,#武汉日夜15小时50城直播# 武汉的日夜，是中国人共同的记忆，平凡的你我，皆是这场故事的主角。@赵丽颖 真诚推荐纪录电影《武汉日夜》：“在武汉抗疫期间，你们逆行出征，怀大爱，救人间，你们是家乡的骄傲，也是祖国的自豪。76个日夜的守望相助，才尤换得山河无恙。”#电影武汉日夜#1月22日全国公映...全文 ,,True,23/01/2021 18:50,22369,1914,18923
https://m.weibo.cn/detail/LbtlFg1DH,LbtlFg1DH,#王俊凯如果与他人不同是一种病#葛优、@TFBOYS-王俊凯 领衔主演电影《刺猬》先导预告曝光，王俊凯嘴里，手上被针扎成刺猬也很妙，刚好对应上片名刺猬。他们都是不被主流接受的“病人”，却成为彼此的忘年交。  [组图共2张] 原图 ,,True,19/01/2022 13:29,8311,10469,17942
https://m.weibo.cn/detail/MvUbWg7wq,MvUbWg7wq,#肖战读雷锋日记# @X玖少年团肖战DAYTOY 在“学习雷锋好榜样”电影频道融媒体直播中读《雷锋日记》选段——人的生命是有限的，可是为人民服务是无限的。“只要我们心存善念，相互搀扶，相互激励，人人都可以成为新时代的雷锋。”跟肖战一起学习雷锋精神，做更好的自己！#把雷锋精神代代传承下去# 中国电影报道的微博视频                                 ,,True,5/03/2023 21:20,270999,63296,17271
https://m.weibo.cn/detail/Ks3W4uk23,Ks3W4uk23,#余生请多指教定档# 杨紫、肖战主演新剧《余生请多指教》定档9月8日播出。该剧讲述肖战饰演的消化病学中心外科主刀医生顾魏，和杨紫饰演音乐系大三学生林之校相爱的故事。  原图 ,,True,5/08/2021 17:18,255562,13753,17210
https://m.weibo.cn/detail/L86qEoDIQ,L86qEoDIQ,【直播|#直击金鸡奖# 5G融媒体全景直播第二天】第34届金鸡奖正式拉开帷幕，入场仪式、开幕式暨提名者表彰仪式集结年度优秀影人，@刘烨 @张子枫 @韩雪 @俞灏明 @郑钧 @TFBOYS-王俊凯 等以歌舞讲述金鸡40年，开幕式嘉宾做客分享金鸡荣誉瞬间；#2021星辰大海青年演员优选计划#“三天三夜”生活体验课正式开营，40位青年演员将通过随机抽题等仪式感环节开启未知考验，组队前往厦门同安、集美、翔安、海沧等地区完成身份角色大转变，体验前所未有的无剧本全纪实……40位青年演员将解锁哪些新技能、新“人设”？哪些神秘嘉宾将作为“导师”“班主任”惊喜亮相？更多精彩，锁定直播，不见不散！ 中国电影报道的微博直播 “直击金鸡奖”5G融媒体全景直播第二天                                 ,,True,28/12/2021 9:37,22149,1031,16998
https://m.weibo.cn/detail/LvZM5y89N,LvZM5y89N,#王一博说一直在追求龙舟精神##王一博端午节祝福#@UNIQ-王一博 祝大家端午安康！#龙腾虎跃海峡两岸赛龙舟活动#直播中，王一博称赛龙舟敢为人先力争上游，永不放弃的团队精神让自己感动，也是自己一直追求的精神。  中国电影报道的微博视频  ,,True,3/06/2022 12:48,133222,41314,16906
https://m.weibo.cn/detail/L8gfL7FUq,L8gfL7FUq,#直击金鸡奖#我们正在为您直播“直击金鸡奖”5G融媒体全景直播第三天!金鸡奖开幕第二天，主题电影论坛、国产新片展映见面会等主创齐聚继续闪耀厦门。#2021电影M榜#荣誉重磅揭晓，十一大年度荣誉将以十一种惊喜盲盒的形式现场直播送至重量级影人手中，全景捕捉他们的实时工作状态、真实情绪反应。嘉宾做客#2021星辰大海青年演员优选计划#观察室，回顾“三天三夜”生活体验营@吴宣仪_Betty 包装核酸试剂、@THE9-谢可寅 巡游厦门无人码头等大事件，探班@我是林一同学 、@沈月 、@张嘉鑫Jason 、@zzzzz_张艺上 、@周雨彤微博 ……更多闭幕式彩排花絮，锁定直播，一起解锁！ 中国电影报道的微博直播 “直击金鸡奖”5G融媒体全景直播第三天                                 ,,True,29/12/2021 10:38,18715,10109,16828
https://m.weibo.cn/detail/MmKNY7Ind,MmKNY7Ind,#贺峻霖成为电影频道实习主播# 欢迎@时代少年团-贺峻霖 正式成为电影频道实习主播！2023年，贺峻霖将以主持人身份亮相电影频道旗舰栏目《中国电影报道》，不定期与大家见面，以青年之声见证中国电影飞跃。新起点、新机遇、新挑战、新精彩。今晚22:00，期待实习生小贺首秀表现！#贺峻霖主持中国电影报道#                  原图                             ,,True,4/01/2023 16:53,83752,46788,16569
https://m.weibo.cn/detail/MvUg00GxO,MvUg00GxO,#王一博读雷锋日记##王一博说会在演戏这条路持之以恒# @UNIQ-王一博 在“学习雷锋好榜样”电影频道融媒体直播中分享了雷锋精神对自己深刻的影响，“雷锋无私奉献、干一行爱一行的精神深深感染着我。未来我会继续努力，在演戏这条道路上努力学习、持之以恒。”跟王一博一起，向雷锋精神致敬，期待一博未...全文 ,,True,5/03/2023 21:30,217437,90638,16326
https://m.weibo.cn/detail/Lx3Dldm4n,Lx3Dldm4n,#易烊千玺连续两届成为百花奖候选者# #易烊千玺同时成为百花男主男配候选者# 今天，第36届大众电影百花奖各奖项候选名单通过媒体发布。其中，青年演员@TFBOYS-易烊千玺 同时进入最佳男主角（《奇迹·笨小孩》景浩）和最佳男配角（《中国医生》杨小羊）两项候选者名单。两年前在郑州千玺广场摘得#百花奖#最佳新人的他，这次能否再度如愿？据悉，本届百花奖从即日起至2022年7月10日经由全国广大电影观众投票，将评选出各奖项的提名者。             [组图共4张]      原图                             ,,True,10/06/2022 12:28,10987,804,16119
https://m.weibo.cn/detail/Mefzocssw,Mefzocssw,#王鹤棣入选2022星辰大海##2022星辰大海青年演员官宣#青年演员@王鹤棣_Dylan 入选#2022星辰大海青年演员优选计划#。【代表作品】《苍兰诀》【推荐人】宋丹丹不忘初心，不负韶华；不负期待，不负热爱；披荆斩棘，破浪前行。中国青年，生逢其时应不负时代，怀抱梦想又脚踏实地，敢想敢为又善作善成。乘风破浪，昼夜星驰，新征程上，扬帆起航！                  原图                             ,,True,9/11/2022 18:40,236007,41855,15832
https://m.weibo.cn/detail/M0I5C8fJl,M0I5C8fJl,#北京电影节红毯##时代少年团北影节全员西装#时代少年团成员一身干练西装亮相红毯，被问到如果出演一部叫《时代少年团》的电影，每个人最想演什么角色，来听听他们的答案吧！  中国电影报道的微博视频  ,,True,12/08/2022 17:32,305170,13505,15776
https://m.weibo.cn/detail/LfBt6F2Cx,LfBt6F2Cx,#王一博写明信片为冬奥健儿加油#@UNIQ-王一博 写下“爱的明信片”为正在比赛的冬奥会运动员们加油！王一博称自己一直在关注比赛，看到他们在赛场拼搏的样子，非常的燃，希望大家能安全快乐的享受比赛，并祝大家元宵节快乐！#王一博爱的明信片祝福冬奥健儿##爱的明信片祝福冬奥健儿#...全文 ,,True,15/02/2022 17:30,148681,51834,15759
https://m.weibo.cn/detail/Lfs0bE92q,Lfs0bE92q,#爱的明信片祝福冬奥健儿# “交给我们吧”——一份中国的承诺，数万封全球的冬奥祝福。书信为桥，牵引全人类共赴冰雪之约；情跨山海，千万人接力传递冬奥之光。2月15日13：00， 锁定“爱的明信片”融媒体直播活动，@UNIQ-王一博 与你一起向未来。爱的明信片，把爱说出来！...全文 原图 ,,True,14/02/2022 17:25,120525,52674,15558
https://m.weibo.cn/detail/Ml3Gxo3Kb,Ml3Gxo3Kb,我们正在为您直播第四届#海南岛国际电影节#闭幕式红毯仪式，曹郁、@陈思诚 @陈瑶Sebrina @成泰燊 @杜江侦察记 @高嘉朗JG @深情的高伟光 @龚格尔 @胡一天啊 @NAME-金子涵 、孔大山、@主持人蓝羽 @李晨 @李少红 @李玉 @梁漢文edmond @梁静 、刘杰、马可·穆勒、牛犇、@齐溪 @任鹏远 @宋威龙99 @演员孙帅东 @佟丽娅 @王宝强 、王红卫、@文牧野 @JaniceMan文咏珊 @MikeAngelo吴翊歌 @谢可寅 @颜丙燕 @颜丹晨 @杨皓宇 @殷若昕 @INTO1官博 @咏梅的微 @张光北 @蓝心ZoeZhang @张俪 、张栾、@赵子琪 、郑大圣@申阳公 、朱明瑛 等众多行业嘉宾、影人大咖、剧组主创亮相，超强阵容，最强星光，循光影踏梦而来。锁定直播，向光而生，与影同行，海岛相会！  http://t.cn/A6K8k265 第四届#海南岛国际电影节#闭幕式红毯仪式                                 ,,True,24/12/2022 13:16,35204,684,14910
https://m.weibo.cn/detail/L2Hd7lcip,L2Hd7lcip,#电影无名海报# 电影《无名》曝光一款海报，@梁朝偉 、@UNIQ-王一博 的角色造型首度曝光。#梁朝伟王一博无名造型#《无名》由于冬担任总制片人、程耳担任编剧及导演，聚焦波谲云诡的隐蔽战线，讲述了地下工作者们冒着生命危险送出情报，用生命与热血保卫祖国的故事。是继《中国医生》《长津湖》之后博...全文 原图 ,,True,22/11/2021 20:14,127099,48409,13841
https://m.weibo.cn/detail/K3hjHiW0l,K3hjHiW0l,#千顷澄碧的2021# 他们是默默无闻的耕耘者，是乡村百姓心目中“最美的人”。朴实的话语背后是数年如一日的坚守与付出，无数年轻的种子在祖国各地生根发芽。消除贫困，改善民生，是他们的梦想；山河锦绣，国泰民安，是我们共同的愿景。涓涓细流终将汇成未来中国的千顷澄碧，一起聆听来自一线扶贫干部的心声吧！全面小康题材重点影片#电影千顷澄碧的时代#将于2月26日全国上映，“未来中国的千顷澄碧，有我的一份力量！”  中国电影报道的微博视频                                 ,,True,23/02/2021 17:24,11715,5994,13523
https://m.weibo.cn/detail/M9tITjyvq,M9tITjyvq,#1905电影网APP节目单# #电影中的法庭风云# 一件件精彩的案件，一场场高能的辩护，一起在法庭上探索正义真谛！10月9日，点此入口马上收看直播直播 今日特别排播：张家辉、杨紫、任贤齐、克拉拉《沉默的证人》，周迅、吴镇宇、祖峰《保持沉默》，何冰、韩童生、钱波《十二公民》，钟汉...全文 [组图共2张] 原图 ,,True,9/10/2022 9:30,2877,169,13497
https://m.weibo.cn/detail/M57jt4Oce,M57jt4Oce,#明月知我云歌会#我们正在直播“明月知我”闽江之心中秋电影云歌会。@白百何 @白举纲 @蔡国庆 @常石磊 @陈都灵 @常回家看看陈红 @陈立农 @戴佩妮 @戴玉强 @丁禹兮 @范世錡xxxF @房东的猫 @JA符龙飞 @李承铉 @李亞男LL @李子璇豆子 @梁漢文edmond @林曉峰lo @刘恺威 @刘惜君 @MikeAngelo中国...全文 ,,True,10/09/2022 17:06,3077,676,13411
https://m.weibo.cn/detail/K4koYg1yA,K4koYg1yA,#杨紫我是法治观察员#“法治观察员”@杨紫 ：“伟大的时代产生伟大的法典，多措并举确保民法典统一正确适用，我愿法令行天下，一起为法治打call”！  中国电影报道的微博视频  ,,True,2/03/2021 15:06,8076,1078,13254
https://m.weibo.cn/detail/KFWijlMUC,KFWijlMUC,#马嘉祺镜头感#@时代少年团队长-马嘉祺 的镜头感究竟可以有多绝？别眨眼#潮起中国非遗焕新夜#   中国电影报道的微博视频  ,,True,4/11/2021 23:35,69945,24770,12965
https://m.weibo.cn/detail/KaRkLwWvn,KaRkLwWvn,#女心理师预告# #杨紫眼神#《女心理师》首支预告曝光，杨紫上演眼神杀，展现洞悉人心的超能力。救下自杀少年时的坚定机智，与督导对峙时的机锋变化，女心理师除了健康的体魄，更要有强大的内心。  中国电影报道的微博视频  ,,True,14/04/2021 13:58,16975,1052,12892
https://m.weibo.cn/detail/L7ze32abn,L7ze32abn,【直播|第十六届中国长春电影节闭幕式暨颁奖典礼】我们正在为您直播#第十六届中国长春电影节#闭幕式暨颁奖典礼。蔡少芬、张晋、邓萃雯、景甜、王大陆、何琳、杨童舒、王仁君、金海心、刘惜君、汪苏泷、孟佳、朱正廷、黄龄、张晓龙、陈奕龙、邓恩熙、李汶翰、严当当、弦子、马佳、方书剑等星光齐聚，共赴“春城”之约，共同见证“金鹿奖”花落谁家……更多精彩，敬请期待！ 中国电影报道的微博视频 我们将在明晚20:15， 为您直播#第十六届中                                 ,,True,24/12/2021 21:05,24364,1194,12812
https://m.weibo.cn/detail/L2Y4o1zhu,L2Y4o1zhu,#有奖问答##全友家居竞猜#今天的问题是：电影《无名》公布了哪两位主演？请您准时收看今晚17:53播出的节目，并在这条微博下面评论留言参与话题讨论，您就有机会获得全友家居提供的精美礼品，祝您好运。  原图 ,,True,24/11/2021 15:09,31573,11592,12669
https://m.weibo.cn/detail/LyLMUwU53,LyLMUwU53,#罗大佑易烊千玺光阴的故事是青春的味道#罗大佑与易烊千玺重新演绎《光阴的故事》，由罗大佑制作，易烊千玺献唱。两人隔空对谈，跟随着歌声一起重回那段懵懂的青春岁月，倾听光阴的故事吧！#罗大佑易烊千玺光阴的故事# 中国电影报道的微博视频  ,,True,21/06/2022 18:43,4259,440,12666
https://m.weibo.cn/detail/JD6QhsWTZ,JD6QhsWTZ,#志愿者接到沈腾电话连蹦带跳尖叫# 电影人@沈腾 了解到武汉救援队志愿者王紫懿的故事后，在@今日影评Mtalk 录制现场惊喜连线。听到偶像腾哥的声音，王紫懿疯狂尖叫原地跳跃，幽默的腾哥问“是王紫懿在叫唤吗”得知她特别支持自己的电影作品后，沈腾表示《武汉日夜》上映后他至少要看三遍起。这份惊喜太令人羡慕了！1月22日，一起在#电影武汉日夜# 中见证平凡英雄的动人故事。  中国电影报道的微博视频                                 ,,True,14/01/2021 10:11,11510,21586,12434
https://m.weibo.cn/detail/K3i1JEGAC,K3i1JEGAC,#朱一龙朗诵致敬焦裕禄精神# 电影人@朱一龙 朗诵《念奴娇·追思焦裕禄》，铿锵有力又饱含真挚情感，致敬“亲民爱民、艰苦奋斗、科学求实、迎难而上、无私奉献”的焦裕禄精神。昔日风沙漫天的兰考如今已焦桐成林，而焦裕禄精神也延续至今，鼓舞着每一位为脱贫攻坚坚守奉献的平凡人。全面小康题材重点影片#电影千顷澄碧的时代#将于2月26日全国上映。#千顷澄碧的2021#  中国电影报道的微博视频                                 ,,True,23/02/2021 19:13,92322,34117,12367
https://m.weibo.cn/detail/MCHxGygOq,MCHxGygOq,#演员加载中##谢可寅演员加载中#选择不合群，不接受平庸要做“野马”。从“北漂”到“一夜成名”，从“华丽舞台”到“素颜演戏”，@谢可寅 的内心世界还有怎样的剖白？《演员加载中》第一期将于明日（4月20日）12：30上线，一起听谢可寅讲述她的追梦旅程。《演员加载中》是由电影频道融媒体中心策划推出，@BIRTHDAYDIARY生日笔记 独家冠名的户外体验式漫访谈综艺，将于4月20日起每周四12：30上线1905电影网、腾讯视频，敬请期待！@M视频News @腾讯视频 @腾讯视频娱乐  中国电影报道的微博视频                                 ,,True,19/04/2023 14:00,3777,2285,12318
https://m.weibo.cn/detail/M0I55j5Rq,M0I55j5Rq,#北京电影节红毯# #时代少年团北影节全员西装#时代少年团成员一身干练西装亮相红毯。  中国电影报道的微博视频  ,,True,12/08/2022 17:30,349839,165674,11325
https://m.weibo.cn/detail/KlOBz8NTu,KlOBz8NTu,#电影之歌官宣# 光影镌刻记忆，歌声铭记经典，追寻中国电影百年风雨历程，展现中国电影今日辉煌成就。电影频道《电影之歌•保定站》6月27日晚20：15黄金档播出，和@陈立农 一同唱响电影之歌，致敬不朽经典。#电影之歌#  原图 ,,True,25/06/2021 15:15,26682,19607,11288
https://m.weibo.cn/detail/JDrSCbTct,JDrSCbTct,#武汉日夜首映# 以平凡见证不凡，以真实演绎了不起的中国奇迹！这是中国人的坚强和善良，这是属于我们的中国故事！以爱之名，无畏前行，致敬英雄，向阳而生！#电影武汉日夜#1月22日全国上映，@UNIQ-王一博 邀您观影，重温感动、见证温暖，真情告白“有你真好”！  原图 ,,True,16/01/2021 15:45,114364,68089,11127
https://m.weibo.cn/detail/M4W1jdIHW,M4W1jdIHW,#第29届大学生电影节# 我们正在直击第29届大学生电影节。实力影人星光璀璨亮相入场仪式，重磅嘉宾云集盛典揭晓青春荣誉，表演嘉宾唱响青春最强音点燃夜晚，青年演员集结共同启动2022#星辰大海青年演员优选计划#，大学生代表欢聚描绘他们的最美舞台。这是一场青春的盛会，这是一场电影的盛宴。此外，我...全文 ,,True,9/09/2022 12:21,4332,357,11092
https://m.weibo.cn/detail/L8U6q8jwZ,L8U6q8jwZ,#成龙批评年轻演员最晚到最早走#《蓝羽会客厅》@成龙 对现在一些年轻演员的表现表示痛心，有的演员不能流汗，不能吊威亚，要动作漂亮又不能辛苦，非常痛心。他呼吁演员的幕后团队尊重现场的灯光摄影工作人员，不要动不动就早走。#金鸡40年影人访谈#  中国电影报道的微博视频  ,,True,2/01/2022 16:05,303800,2791,10934
https://m.weibo.cn/detail/LEvuzDQZj,LEvuzDQZj,#2022直击百花奖#正在为您带来“2022直击百花奖”融媒体全景直播，今日将举行大众电影百花奖60年主题展影启动仪式、第36届大众电影百花奖提名者表彰仪式。同时，我们也将从鹦鹉洲大桥继续“桥”见百花、探访湖北菜馆……感受江城人间烟火气，共话武汉与电影的不解之缘。另外，期待已久的百花奖闭幕式红毯仪式与颁奖典礼舞台彩排也在今日进行，闭幕式嘉宾受邀采访，分享共度百花60周年的心得感受。锁定直播，更多闭幕式独家揭秘，不可错过！#有你就有世界# http://t.cn/A6arVziY “2022直击百花奖”融媒体全景直播                                 ,,True,29/07/2022 12:15,1350,122,10904
https://m.weibo.cn/detail/L8u5samzz,L8u5samzz,#张小斐金鸡奖最佳女主角# 恭喜@张小斐0110 凭借《你好，李焕英》中李焕英一角的精彩演绎获得第34届中国电影金鸡奖最佳女主角！#金鸡奖获奖名单#  原图 ,,True,30/12/2021 21:51,308861,14144,10460
https://m.weibo.cn/detail/LCGBB4n0D,LCGBB4n0D,#明星们的表情包好魔性# 今天是#世界表情包日#，成龙、陈伟霆、海清、吴京、杨紫、周深......这些明星的表情包好魔性。  中国电影报道的微博视频  ,,True,17/07/2022 12:52,5029,164,10316
https://m.weibo.cn/detail/MvUi14Gej,MvUi14Gej,#王鹤棣读雷锋日记##王鹤棣说首要任务是演好戏#青年演员@王鹤棣_Dylan 在“学习雷锋好榜样”电影频道融媒体直播中读《雷锋日记》选段：有理想有出息的青年人必定是乐于吃苦的人。“第一次听到‘雷锋’这个名字，是在小时候的课文里，他平凡伟大的一生让我为之动容。作为一名青年演员，我的首要任务是演...全文 ,,True,5/03/2023 21:35,140724,21968,10215
https://m.weibo.cn/detail/KlP82iRmE,KlP82iRmE,#电影之歌官宣# 光影镌刻记忆，歌声铭记经典，追寻中国电影百年风雨历程，展现中国电影今日辉煌成就。电影频道《电影之歌•保定站》6月27日晚20：15黄金档播出，和@孟美岐 一同唱响电影之歌，致敬不朽经典。#电影之歌#  原图 ,,True,25/06/2021 16:35,38001,20812,10210
https://m.weibo.cn/detail/M6Vw0zzCl,M6Vw0zzCl,#2022最后100天你在期待哪部电影# 2022还剩下最后的100天，大家最期待在电影院里能看到哪部电影？其他欢迎留言哦~《万里归途》《无名》《中国乒乓》《热烈》《深海》《平原上的火焰》《长空之王》《回廊亭》《猎毒》《检察风云》  [组图共10张] 原图 ,,True,22/09/2022 14:44,7818,192,10055
